business_status,geometry,icon,icon_background_color,icon_mask_base_uri,name,photos,place_id,plus_code,rating,reference,scope,types,user_ratings_total,vicinity,resort,category,opening_hours,price_level,permanently_closed
OPERATIONAL,"{'location': {'lat': 39.63941080000001, 'lng': -106.3678356}, 'viewport': {'northeast': {'lat': 39.64079963029151, 'lng': -106.3665475697085}, 'southwest': {'lat': 39.63810166970851, 'lng': -106.3692455302915}}}",https://maps.gstatic.com/mapfiles/place_api/icons/v1/png_71/lodging-71.png,#909CE1,https://maps.gstatic.com/mapfiles/place_api/icons/v2/hotel_pinlet,Manor Vail Lodge,"[{'height': 3636, 'html_attributions': ['<a href=""https://maps.google.com/maps/contrib/104788870484078225790"">Manor Vail Lodge</a>'], 'photo_reference': 'AXCi2Q5FufKmNAKMyDE6aSAD4q9snDxuiezDzcNX9V3_UnaMmiYLpruStIOLNhL_7rMrwp1REzZhzhhF7BrjUbAjWlDAfRkADd8x8prkLv-VwObNZM7UZA78P9sWFYH7DuxtGVVamuwRdXHWLUjiAyBH-WlFp6Wz0QEAyyCzP2d-qJt6BOR7', 'width': 5454}]",ChIJR4q9vxJwaocRmpaI8jAbFjk,"{'compound_code': 'JJQJ+QV Vail, CO, USA', 'global_code': '85FMJJQJ+QV'}",4.7,ChIJR4q9vxJwaocRmpaI8jAbFjk,GOOGLE,"['bar', 'lodging', 'restaurant', 'food', 'point_of_interest', 'establishment']",370.0,"595 Vail Valley Drive, Vail",Vail,Restaurants,,,
OPERATIONAL,"{'location': {'lat': 39.64157799999999, 'lng': -106.371678}, 'viewport': {'northeast': {'lat': 39.64293058029151, 'lng': -106.3702257697085}, 'southwest': {'lat': 39.64023261970851, 'lng': -106.3729237302915}}}",https://maps.gstatic.com/mapfiles/place_api/icons/v1/png_71/lodging-71.png,#909CE1,https://maps.gstatic.com/mapfiles/place_api/icons/v2/hotel_pinlet,Gravity Haus Vail,"[{'height': 4423, 'html_attributions': ['<a href=""https://maps.google.com/maps/contrib/107477250726654986780"">Gravity Haus Vail</a>'], 'photo_reference': 'AXCi2Q7Zui5kKGUq1NInJHFloCJq7bspvHtVNgxCEVntTQ_q4_Nmdfh7HiQK697RXG_0CEiD5NdIh--ULDwsnPDG8Z-x4N3XM6tX3N6GjIFIZdWntgq0dPInAKP3OZu7bMz_O23zgoRopfineoKXTv3aH9ihURfYqjbDJeOTlQpl5QNxDrBb', 'width': 7864}]",ChIJW5u1lGxwaocRYCIk8HMJXKY,"{'compound_code': 'JJRH+J8 Vail, CO, USA', 'global_code': '85FMJJRH+J8'}",4.4,ChIJW5u1lGxwaocRYCIk8HMJXKY,GOOGLE,"['gym', 'spa', 'lodging', 'restaurant', 'food', 'point_of_interest', 'health', 'establishment']",256.0,"352 East Meadow Drive, Vail",Vail,Restaurants,{'open_now': True},,
OPERATIONAL,"{'location': {'lat': 39.6426389, 'lng': -106.3778035}, 'viewport': {'northeast': {'lat': 39.6439550302915, 'lng': -106.3766516197085}, 'southwest': {'lat': 39.6412570697085, 'lng': -106.3793495802915}}}",https://maps.gstatic.com/mapfiles/place_api/icons/v1/png_71/restaurant-71.png,#FF9E67,https://maps.gstatic.com/mapfiles/place_api/icons/v2/restaurant_pinlet,Leonora,"[{'height': 1200, 'html_attributions': ['<a href=""https://maps.google.com/maps/contrib/113303737604263944071"">Harveer Kaur</a>'], 'photo_reference': 'AXCi2Q7CyE93f7_fg_1WqdvlOXCPizABMZ0Yj3HcV8ySHDRA7f2agtNkR7B-W1DOzu1GCQ6RFQ-hdpqjlPfstrHnaO0-sqRfYC0ilY9G1vTVqbsos1tdH7PlvnW_SLkbfhkICqajJSlWT84SlYNsVbde2LTylGucgupE-NS4CDQ0rbanUGRl', 'width': 1600}]",ChIJydnOOWlwaocR6EtOl-XnFUk,"{'compound_code': 'JJVC+3V Vail, CO, USA', 'global_code': '85FMJJVC+3V'}",4.3,ChIJydnOOWlwaocR6EtOl-XnFUk,GOOGLE,"['restaurant', 'food', 'point_of_interest', 'establishment']",167.0,"16 Vail Road, Vail",Vail,Restaurants,{'open_now': False},3.0,
OPERATIONAL,"{'location': {'lat': 39.6389618, 'lng': -106.3693787}, 'viewport': {'northeast': {'lat': 39.6401968302915, 'lng': -106.3680159697085}, 'southwest': {'lat': 39.6374988697085, 'lng': -106.3707139302915}}}",https://maps.gstatic.com/mapfiles/place_api/icons/v1/png_71/generic_business-71.png,#7B9EB0,https://maps.gstatic.com/mapfiles/place_api/icons/v2/generic_pinlet,Larkspur Events & Dining,"[{'height': 2400, 'html_attributions': ['<a href=""https://maps.google.com/maps/contrib/105707815201336233137"">Larkspur Events &amp; Dining</a>'], 'photo_reference': 'AXCi2Q7R7-zHZNMCXH8SQNwLJeYM8n-toyoqGWEKU6GQDpaoNaUQ89kdsXHqnsCyhGIxejsDhzcx1IVizaqJM7sPv52JSOK4mAa1EtDGKINEq-Js3zgfm6_5xi59oHDAnEZhP1eEqGlGPlraNboASt60WynaoxUB4VILfnejIyrHLiA5rOrg', 'width': 3600}]",ChIJb5futhJwaocRDGzq28SAt5s,"{'compound_code': 'JJQJ+H6 Vail, CO, USA', 'global_code': '85FMJJQJ+H6'}",4.5,ChIJb5futhJwaocRDGzq28SAt5s,GOOGLE,"['restaurant', 'food', 'point_of_interest', 'establishment']",198.0,"458 Vail Valley Drive, Vail",Vail,Restaurants,{'open_now': False},3.0,
OPERATIONAL,"{'location': {'lat': 39.63037000000001, 'lng': -106.418694}, 'viewport': {'northeast': {'lat': 39.6316532802915, 'lng': -106.4172869697085}, 'southwest': {'lat': 39.6289553197085, 'lng': -106.4199849302915}}}",https://maps.gstatic.com/mapfiles/place_api/icons/v1/png_71/restaurant-71.png,#FF9E67,https://maps.gstatic.com/mapfiles/place_api/icons/v2/restaurant_pinlet,Subway,"[{'height': 2592, 'html_attributions': ['<a href=""https://maps.google.com/maps/contrib/117719368329406871445"">Rejean Beauchamp</a>'], 'photo_reference': 'AXCi2Q7ssbGdwIkMCgJyR9I_b5opk_hWg4HrtCyciFEpDEzIYSZBT5vM0Gv5yh5mPTuoySqam-FYUM4fidGpKlN7FsvFx4GvczyXeZHAaVb439cu7Df0_VZ48pL3hnZTZ8R0If-edRCovw7i0wszOpkzfEwg5wovoBW_oZt4DUdGjI7F2Qnd', 'width': 1944}]",ChIJ_SNGvKJwaocRjOESss2mrHc,"{'compound_code': 'JHJJ+4G Vail, CO, USA', 'global_code': '85FMJHJJ+4G'}",2.7,ChIJ_SNGvKJwaocRjOESss2mrHc,GOOGLE,"['meal_takeaway', 'restaurant', 'food', 'point_of_interest', 'establishment']",105.0,"2161 North Frontage Road West #11-12, Vail",Vail,Restaurants,{'open_now': False},1.0,
OPERATIONAL,"{'location': {'lat': 39.6408609, 'lng': -106.3746646}, 'viewport': {'northeast': {'lat': 39.6420408302915, 'lng': -106.3737380697085}, 'southwest': {'lat': 39.6393428697085, 'lng': -106.3764360302915}}}",https://maps.gstatic.com/mapfiles/place_api/icons/v1/png_71/restaurant-71.png,#FF9E67,https://maps.gstatic.com/mapfiles/place_api/icons/v2/restaurant_pinlet,Sweet Basil,"[{'height': 800, 'html_attributions': ['<a href=""https://maps.google.com/maps/contrib/113593788717504542088"">Sweet Basil</a>'], 'photo_reference': 'AXCi2Q5uXQmBqcgL8kkDgAxMVApA3DfJoQvI4GVNwlLBSkbZG6Ekqwe1jHEKHBOCPi6Xijvm9SpHrgQ3IO1DJsC62Eek65bIcLPWd9R7ws_ctbA6j5_dbnLG7WEbXdfbUq0kdKaG44bGtJHmiIJd7B3CXuld7PcwnNNjuFiwngoTeUQdTLM9', 'width': 1200}]",ChIJfSyiPmxwaocRReDuYFpTSGc,"{'compound_code': 'JJRG+84 Vail, CO, USA', 'global_code': '85FMJJRG+84'}",4.4,ChIJfSyiPmxwaocRReDuYFpTSGc,GOOGLE,"['bar', 'restaurant', 'food', 'point_of_interest', 'establishment']",838.0,"193 Gore Creek Drive, Vail",Vail,Restaurants,{'open_now': True},3.0,
OPERATIONAL,"{'location': {'lat': 39.6402275, 'lng': -106.3743814}, 'viewport': {'northeast': {'lat': 39.64163273029151, 'lng': -106.3736458197085}, 'southwest': {'lat': 39.63893476970851, 'lng': -106.3763437802915}}}",https://maps.gstatic.com/mapfiles/place_api/icons/v1/png_71/restaurant-71.png,#FF9E67,https://maps.gstatic.com/mapfiles/place_api/icons/v2/restaurant_pinlet,Elway's,"[{'height': 3024, 'html_attributions': ['<a href=""https://maps.google.com/maps/contrib/113915151698373364330"">Orit Gutmacher Levy</a>'], 'photo_reference': 'AXCi2Q67eJ1F-qMPmF8K6OIPttG_fVPcFzOw9Xkjdly-ucKWFUEsMaKhfygbik2xuFLN8A1e69KR7m0lsjPg2_twPvFpe55IptWNbVhWacMI7Mw0hwM3T1pcaODKsyX37r76tJHhKMhKjDkMs8AgZbLu4D8bpPbsctHoTGdv6BRmFdDzU5xu', 'width': 4032}]",ChIJScGWM2xwaocRyBnCt5iA3aw,"{'compound_code': 'JJRG+36 Vail, CO, USA', 'global_code': '85FMJJRG+36'}",4.3,ChIJScGWM2xwaocRyBnCt5iA3aw,GOOGLE,"['bar', 'restaurant', 'food', 'point_of_interest', 'establishment']",385.0,"Located Upstairs in The Lodge at Vail, 174 Gore Creek Drive, Vail",Vail,Restaurants,{'open_now': True},4.0,
OPERATIONAL,"{'location': {'lat': 39.6439143, 'lng': -106.3900881}, 'viewport': {'northeast': {'lat': 39.6452268802915, 'lng': -106.3888914197085}, 'southwest': {'lat': 39.6425289197085, 'lng': -106.3915893802915}}}",https://maps.gstatic.com/mapfiles/place_api/icons/v1/png_71/restaurant-71.png,#FF9E67,https://maps.gstatic.com/mapfiles/place_api/icons/v2/restaurant_pinlet,The Little Diner,"[{'height': 360, 'html_attributions': ['<a href=""https://maps.google.com/maps/contrib/102725999637999341635"">The Little Diner</a>'], 'photo_reference': 'AXCi2Q6fyUnZP-7xO7y9HUE0x2i5MqYsKj0aK3Q9yt31EYb6wNWYgp3lZZbJNx5df6kBlJr1vaFyKk_bby6wQ99dyD3AuAhGijr0hEtl1CNSiUZAYdGXn_rJ9yOCXhjNG18ioFDTEKYDR2cnYhw1t7sdvpJ4su03Y6CY9rbcfEOchFc3UuW-', 'width': 820}]",ChIJwwdz9WBwaocRicN_neA_p8U,"{'compound_code': 'JJV5+HX Vail, CO, USA', 'global_code': '85FMJJV5+HX'}",4.7,ChIJwwdz9WBwaocRicN_neA_p8U,GOOGLE,"['restaurant', 'food', 'point_of_interest', 'store', 'establishment']",1390.0,"616 West Lionshead Circle, Vail",Vail,Restaurants,{'open_now': False},2.0,
OPERATIONAL,"{'location': {'lat': 39.6402477, 'lng': -106.3733325}, 'viewport': {'northeast': {'lat': 39.64155978029149, 'lng': -106.3718603697085}, 'southwest': {'lat': 39.6388618197085, 'lng': -106.3745583302915}}}",https://maps.gstatic.com/mapfiles/place_api/icons/v1/png_71/restaurant-71.png,#FF9E67,https://maps.gstatic.com/mapfiles/place_api/icons/v2/restaurant_pinlet,Red Lion,"[{'height': 1966, 'html_attributions': ['<a href=""https://maps.google.com/maps/contrib/102567511415068753681"">E R P</a>'], 'photo_reference': 'AXCi2Q56WVXFYk7PwoJulVF513hMNYGZTdsvaJnQZ77slvsDWBM5Ze3sUgazthBFpCNNi2rLwR5cyFIqWWFIzvnJINhHIn7-Fra7QTCJdUR2Q6d7yZNTqodugJ1RG9xDEfS2HPypFuVqRB0JCaZQYJj-ft77X1XELF25GUQSkTypk7sdteYo', 'width': 2623}]",ChIJ49GYU2xwaocRHTdaUHSpAoQ,"{'compound_code': 'JJRG+3M Vail, CO, USA', 'global_code': '85FMJJRG+3M'}",3.9,ChIJ49GYU2xwaocRHTdaUHSpAoQ,GOOGLE,"['bar', 'restaurant', 'food', 'point_of_interest', 'establishment']",740.0,"304 Bridge Street St.1, Vail",Vail,Restaurants,{'open_now': True},2.0,
OPERATIONAL,"{'location': {'lat': 39.64148999999999, 'lng': -106.3974714}, 'viewport': {'northeast': {'lat': 39.6428561802915, 'lng': -106.3959853197085}, 'southwest': {'lat': 39.6401582197085, 'lng': -106.3986832802915}}}",https://maps.gstatic.com/mapfiles/place_api/icons/v1/png_71/restaurant-71.png,#FF9E67,https://maps.gstatic.com/mapfiles/place_api/icons/v2/restaurant_pinlet,Chicago Pizza,"[{'height': 2048, 'html_attributions': ['<a href=""https://maps.google.com/maps/contrib/104456264236662777734"">Chicago Pizza</a>'], 'photo_reference': 'AXCi2Q4qHkS1auP8qiO0Qb_Xg501cFX1x7FNnSaH0stBpzcW7yRWuSeGFkCjT76oIATaXZkNSnzaJiIw1pfxERfBty2swVm5n3fkcZUBBaXwGDgon6xD_L_a7qWXi_afD5qPG_mQHWmWgAan2OfsedYCuJ0PXw_8zWNua-WZcZ20xkZIwxmo', 'width': 1536}]",ChIJN10mCItwaocRl0KZvZGjUuk,"{'compound_code': 'JJR3+H2 Vail, CO, USA', 'global_code': '85FMJJR3+H2'}",3.9,ChIJN10mCItwaocRl0KZvZGjUuk,GOOGLE,"['meal_delivery', 'meal_takeaway', 'restaurant', 'food', 'point_of_interest', 'establishment']",216.0,"1031 South Frontage Road West, Vail",Vail,Restaurants,{'open_now': True},1.0,
